ra,ra_error,dec,dec_error,parallax,parallax_error,pmra,pmra_error,pmdec,pmdec_error,phot_g_mean_mag,phot_bp_mean_mag,phot_rp_mean_mag,bp_rp
210.11963667005017,0.29833108701134514,14.521671784891899,0.19158594164117074,1.3240221932197385,0.3088055289073239,-13.333815430379644,0.6639544271700609,-14.6083568783668,0.3806569480501114,19.019932,20.084745,17.849861,2.2348843
210.00638783980236,0.4312039743259948,14.365059801382229,0.34699580499058785,-0.20864853826223612,0.5400903829919039,0.03505923399215752,0.7761830599835267,-1.725115139105757,0.6456428322143795,19.390156,19.764738,18.806458,0.95828056
210.13158546663027,0.10828110266405472,14.680157989923957,0.08197461393780055,3.4374461352618755,0.12457758450929687,12.978209268625585,0.23019388287733297,-19.429058687183144,0.16336767984925585,17.021343,18.264544,15.883056,2.3814878
210.11562440651034,0.5242641446906281,14.679219836282304,0.3965447606749101,1.5694487179513072,0.6125668658453672,-4.273590337953034,1.1150604461642488,-29.577580419002405,0.7703586526483674,19.738974,20.45356,18.46529,1.9882698
209.9357270672084,0.5647979276120135,14.619339772845688,0.46430284057274235,0.167441606734984,0.6528003562222406,-0.5230306045281428,1.1311876106916205,-1.44486423058622,0.8713342426840259,19.915745,19.785404,19.230711,0.5546932
209.93259593739774,0.9469315434152383,14.546817522049317,0.8282342206378971,-1.329329476355304,1.0828973457874222,0.8410194859298743,2.1683299066647694,-11.63893040446689,1.8927427175886373,19.904654,20.236277,18.515734,1.7205429
210.0554975844045,0.148603618641533,14.438258307294396,0.12167048644618794,0.530149391721855,0.18064080953733486,-20.57743936064484,0.30813202412100954,-36.81242597431536,0.25020034752195147,18.011961,18.534534,17.355286,1.1792488
210.0484870789114,0.07878394881640907,14.70485775485971,0.059162727517668476,0.14730977525306607,0.08988174955856787,-1.6017054345668864,0.17790616519078092,-2.4117299458014454,0.12061657710355365,16.890587,17.226189,16.364573,0.86161613
210.1874464679174,0.3782697155110448,14.61905502831552,0.25890071541648885,-0.36506252906625397,0.43375431495735994,-3.9503344260587063,0.7275029036363206,-1.166158613953224,0.4747800774291636,19.312752,19.46826,18.726877,0.7413826
209.9923754201794,0.32737911756360727,14.357298171276566,0.26332595442694595,0.3249232115446672,0.40505890493187263,-8.309566849916003,0.5906049589812853,3.1829355128782124,0.48467437881540926,19.116346,20.384686,18.010813,2.3738728
210.05381716295742,0.29489560717227914,14.553268619125141,0.22242750709697684,0.6262975712904206,0.32733483936146424,-0.27156719371582083,0.6736476869431061,-1.1724499405534725,0.5005135566304378,19.012096,19.342981,18.405993,0.93698883
209.90166084068497,0.13153187663076032,14.407355163241894,0.11176017553432718,0.4102239662805326,0.15828503875219238,-6.857225238714264,0.30547747394875724,-1.7831249305194707,0.23547121901617074,17.85253,18.21149,17.332928,0.8785629
210.01916189949134,0.6225651845636038,14.435666048817767,0.5639812685563708,1.1887486658256616,0.8174934356699896,-16.704508397987752,1.2371597502763747,2.1456635913558046,1.0394754758320968,19.914494,21.019207,18.772549,2.2466583
209.9427291010976,0.45658876814610155,14.648524997366911,0.40674435301027595,0.11088988613906367,0.5538305336854017,-0.771646676761735,0.9123380034074523,-1.8869292729584384,0.7439710571602476,19.625765,19.52102,19.309544,0.21147728
210.0909247794878,0.3090961128712985,14.62061406891431,0.22360262651208013,1.7973677772301684,0.35992295839522254,-30.871516895129766,0.7051205774043987,-30.850791419585697,0.4569308211944909,18.899323,20.002449,17.563364,2.439085
209.93398917937685,0.30065679800983564,14.35496890769709,0.2591851449548937,-0.25242397929817034,0.37999660151072545,-1.2830085682999515,0.5671342144976628,-6.900585861875431,0.4764407486110326,18.817272,19.080976,18.403286,0.6776905
209.8999864870177,0.24102682407936338,14.494001038547506,0.19792193289274868,-0.048199194146106655,0.28650961759337884,2.58581790828758,0.5525271527116332,-12.849565622617282,0.38554836655411945,18.716658,18.919447,18.228493,0.6909542
210.13222468817403,0.11684571752963549,14.567517579052044,0.08396060267708491,0.1493062549702593,0.12959320591102885,-5.190097187287822,0.24998524265885655,-3.9102084868407814,0.16514100370263565,17.655521,17.90672,17.168127,0.73859215
210.10799571402274,0.08041534302736328,14.691325836509106,0.06836145680622065,0.32097943213964775,0.09225002322799539,9.426920725776608,0.19193328083663858,-14.958025112886235,0.14528537364092806,16.826357,17.148104,16.316431,0.83167267
210.19097277420948,0.12643357401201757,14.59190338754683,0.08936028112796764,1.6541085739158858,0.14316320974769947,7.92750862925229,0.2541796065417606,-17.349255057965877,0.16821932278472707,17.720127,18.655952,16.70582,1.9501324
210.10934550900856,0.2102565057866128,14.576201619097047,0.14705917581752675,0.07337347866880677,0.2415403736293686,-9.268706655876969,0.4380567257873551,-7.383144541805895,0.2921053103582053,18.251678,18.64105,17.634266,1.0067844
209.98631015070467,0.41181678949370926,14.421198649896725,0.34212875603312565,-0.05779510143868526,0.5083832469833462,1.3887540340145517,0.8371302866029662,-6.426997199261259,0.6853764989636141,19.206007,19.603012,18.568016,1.034996
209.81166804894937,0.2138257376765637,14.496456838150552,0.17288468352698164,1.1373188537400751,0.26191303433244995,-15.12279740539407,0.46625573458901187,10.242309685420869,0.3160752194425344,18.395124,19.380499,17.272686,2.107813
209.82406181083206,0.7476599944036291,14.493596182722985,0.5401265865973102,0.808583288317501,0.8173946718712253,-21.9072590583658,1.6361825633170735,-4.039875854013756,0.9528920033029031,19.969082,20.789145,18.688866,2.1002789
210.003118129209,0.5497631898409416,14.591387974596794,0.42777039408198236,0.025975340574149276,0.6236325562950235,-2.6694299938216552,1.2689721923618298,-1.3570918066061406,0.9645751780224241,19.874983,19.710842,19.740538,-0.02969551
209.8359004099718,0.42776403801557317,14.412649859586118,0.265561403094358,-0.37417310706701656,0.4226463617568867,-5.44591017800455,1.0968724830598449,-16.349408738276033,0.5311752559964451,18.946127,19.251375,18.424341,0.827034
209.93818319889513,0.20729954428263928,14.484466627116493,0.15978154633431005,1.6205883439321622,0.2501292791269601,-9.883095871753195,0.4975532617065032,13.611074034293496,0.3512152138163816,18.366571,19.540447,17.273108,2.2673397
209.98995873853272,0.6001611001673408,14.459914620026778,0.4950744520505952,1.1210854384065174,0.7247108495192331,-10.248329803660194,1.2446052282622302,-1.0837706975359123,1.0138945726014763,19.791637,20.376453,18.865429,1.5110245
209.83466273184803,0.15592664709833684,14.488270665864743,0.11878354104941967,0.13458949936702178,0.1790618133714125,-12.27330020564073,0.3309680981105996,-2.587052899099747,0.21816515586710197,17.843248,18.099117,17.386028,0.713089
210.0276933173304,0.6163682315506067,14.480448376928102,0.49773023690211443,1.6238954298177155,0.7462258041575156,-0.5303284603547358,1.3026540827449091,4.902824446846736,1.0059490542892175,19.76304,20.79072,18.51234,2.2783794
209.98506703873014,0.44870376356574254,14.599147388614716,0.3125188532660764,1.568788108985872,0.4879795935645324,1.2038367706305788,0.9307453279580388,-7.295729308149828,0.628595808212203,16.406229,16.961937,15.477439,1.484498
209.95304639222437,0.04659395808780808,14.5800505438608,0.03701418258180604,-0.03549797456750231,0.050905294996776915,-0.38936439931568756,0.10706174226612197,-0.7973026340746434,0.0829927649163554,15.707047,16.516937,14.81277,1.7041674
210.00688348924686,0.2292577568705814,14.415194429301595,0.18997757387869796,0.22664410295874243,0.27466491582075847,-12.068816116220273,0.4524252458687306,-11.386914993690864,0.37289065797989634,18.645731,19.053751,18.053362,1.0003891
209.94641540867758,0.06879706548508249,14.65252421976782,0.05983782662037092,0.5336220633760241,0.08230336223678908,1.2121855280061793,0.14169581362240768,0.16494359860481608,0.1284069549269825,16.712303,17.06106,16.17681,0.88425064
209.91401507287262,0.5367586236807953,14.44400640327242,0.44670696602037135,0.264306744989567,0.660661395680529,1.0995178786028308,1.2039513905462957,-3.9721746760313,0.8877050261713549,19.905878,20.426735,19.243849,1.1828861
210.01526822647168,0.1492239669589947,14.414963250382524,0.1233156951852001,1.909718362797046,0.17795539376558564,7.536378009991017,0.3009298803355206,0.4098566416339865,0.24479928627088987,17.974735,19.231627,16.836973,2.3946533
209.99869228784812,0.43938054507781554,14.45941243371066,0.37131836058960693,-0.20121861960557266,0.5120043827584562,-0.931081150430966,0.9934180467002427,-0.8618896586732459,0.8207701162817537,19.455622,19.364382,19.122845,0.2415371
209.96726947745816,0.4368505256710841,14.477139328085949,0.320829736119458,1.0851999351123147,0.5200638254658405,-20.51606104324545,0.9498360357610143,-1.4644587456509595,0.6400995936733332,19.366653,20.418615,18.351427,2.0671883
209.9217683034407,0.12347868859171876,14.552588689550204,0.09632612503081324,0.4133188237397047,0.13756287279362775,-8.688082253320513,0.2621195187233484,-12.41612431270696,0.18750431569208387,17.584188,17.906239,17.05166,0.854578
210.06284457770815,2.2792225295260833,14.561735719465185,1.8898207822302917,,,,,,,19.711813,,,
210.06182578961455,0.3444311224771971,14.485982186555912,0.2745728214644586,0.5428882848300997,0.38246168144309645,-8.8429213651425,0.7007644205369472,-4.716365072355505,0.6193992609433129,19.244818,19.551657,18.679684,0.87197304
209.91685276437605,0.06390181378421246,14.434986995319168,0.05159721677841334,0.5599352298848275,0.07409598920933885,-0.6052040694599441,0.13378314033463276,-2.4269552188947885,0.10150225005309368,16.408182,16.750198,15.898404,0.85179424
209.88987163647582,0.4211371501884385,14.512377472221166,0.32753985678808895,0.778747168718049,0.49810892200389373,-4.946830821105606,0.8968054660292053,-5.260143584501834,0.6002296976813651,19.500065,19.619173,19.021791,0.5973816
210.09488827576274,0.1641608034766557,14.489023571139859,0.11608108016334505,0.1010162143789706,0.18200124447723023,-3.933845423802997,0.3499778684715743,-2.415872111385991,0.23563325397524915,18.18283,18.443726,17.700424,0.7433014
210.05099496326093,0.16645126028809756,14.531099125065797,0.1257639096335508,0.08141271095870205,0.18470628385603693,-9.590334731581688,0.37276407712623577,-0.19208836552846303,0.27762422990089736,18.184774,18.40767,17.702402,0.70526695
209.92576675677608,0.2971225907058516,14.495078673638796,0.24084041852642932,-0.33769689628068694,0.3568209981816216,-0.4451142502532609,0.6661718435221111,-1.8693443118449329,0.49419499238276693,19.068464,19.51987,18.445288,1.074583
210.0462935441872,0.10540359021236433,14.55021101735542,0.07977117698020683,0.8547295293366342,0.11711886577049337,-10.304351447142892,0.23817848855768,4.155013043647607,0.1754465877948828,17.430128,18.188156,16.560867,1.6272888
209.9180462854745,0.3809697979434899,14.512246046732907,0.2987768998772728,1.078939971015519,0.4436187722647458,-12.872115843418705,0.8604446671665458,3.659973249487795,0.608932744090059,19.190485,19.85313,18.292048,1.5610828
210.05333577507585,0.17790674339767049,14.542498178278189,0.1318160363271064,1.380367898934663,0.20168246932608966,2.4879370471872466,0.3981240444968477,-6.863377512059395,0.28101101818715307,17.702606,18.39733,16.829468,1.5678616
210.13126568978893,0.06546457431675054,14.56765433375048,0.04784706213673395,-0.020035551231526217,0.07309080728394111,-0.30827113510402243,0.1389425188136127,-1.0825736141671312,0.09443955387247817,16.622427,17.184467,15.87131,1.3131571
210.08374739754308,0.13940319581173935,14.489842774526512,0.10581931174807584,1.9810699145928,0.15554135117803589,-2.428200482493719,0.2943483817695134,-12.801667274944673,0.22969711861369235,17.83044,18.889675,16.769373,2.1203022
210.04525255143702,0.6070138890414409,14.3246208069028,0.47916556099044416,0.5075574760087981,0.7592407309281037,5.106494721543162,1.0274158567367877,-7.665500341390816,0.8997616686788285,19.872784,20.870235,18.749025,2.12121
209.95405538888605,0.15103888900299756,14.501722344334908,0.10659994108674645,-0.28714625300988356,0.15663145921314825,-0.22450163611634685,0.3778809625205526,-1.2263172273474616,0.23068420122563538,17.505655,18.00868,16.82669,1.1819897
210.00445734082732,0.08961085975170276,14.614304901233048,0.07121282261285271,0.017932740230300292,0.10177328994912908,-0.4474582044617759,0.18968978310790197,-1.0611723586125108,0.15602151492791805,17.176434,17.73006,16.437666,1.2923946
210.04285362898014,0.08228633879492192,14.522146427959065,0.06589331674638194,0.7089066682013934,0.0955292479198473,-13.43238594650083,0.18170181586077044,-43.65805151685843,0.14513936525132298,16.91171,17.375553,16.284346,1.0912075
210.07769648712295,0.14413830129761096,14.556417460938462,0.10118877225955075,0.26684932140887335,0.15841763734528716,-5.301747302649372,0.31479983220488184,2.0592796005029474,0.20791891865896747,17.920084,18.233324,17.35478,0.87854385
209.85353681183824,0.16565516259067592,14.426050935594178,0.1403954918008833,0.09127812520798072,0.2114899130416315,-7.9892260417755265,0.37052119178286735,-13.340146699536996,0.26697545907956266,18.175606,18.510998,17.618343,0.8926544
210.0442110045669,0.4127298929365968,14.63995459502493,0.3057908273774141,0.2795056067157388,0.47137814201758177,0.8662476916582308,0.8908362345043588,-0.08815899489218698,0.6152350256239724,19.386747,19.41243,18.718346,0.69408417
209.85510247485504,0.15819518252756798,14.613249073605168,0.11720249076098592,3.4328541448038354,0.19198473600265467,3.202413665242341,0.28296737076426953,-28.799268355194542,0.205019552546186,17.79628,19.256655,16.585724,2.6709309
210.06493188960013,0.28351149101191125,14.668724915050397,0.18930684281865495,0.8679933556656237,0.31369249354346423,-14.519909472777934,0.6025585490417158,2.7326060542688095,0.39107616238444165,18.852247,19.61921,17.77281,1.8463993
210.01444940908632,0.5536049029225759,14.34738141183881,0.460258681603881,0.34206836762290066,0.6906649785787369,-2.609772397022106,1.001216167906779,-0.2914832423847058,0.8721161968915314,19.814693,19.955801,18.784155,1.1716461
209.94042844160555,0.396457692023587,14.475005949814806,0.32976070940932223,-0.07990056481072144,0.4828528033501936,-1.8418768094436755,0.8712552074057048,-5.883378971886285,0.6815759059998352,19.44129,19.641884,18.89936,0.7425232
210.062048358102,0.07099403447782397,14.55984521015926,0.050511038565374235,0.7580922788349316,0.07693254969384146,-15.176159295546693,0.1499953800264178,-10.220171744933435,0.11125882017969843,16.557905,17.009695,15.93144,1.0782547
209.9621271469889,0.06904641350886669,14.500773160524464,0.05941211159092727,-0.06914773540104573,0.0799347738108751,-0.827233721260593,0.16925543495272147,-1.1055527193015682,0.15390397124635133,16.523432,17.156916,15.738837,1.4180784
209.8982864370096,0.27024748138226495,14.598938413037455,0.22499864335372896,0.15953279654212496,0.32456976786686137,-0.3306704567804194,0.5495102864355168,-0.5589818894331933,0.4375601948017871,18.991673,19.168718,18.44785,0.72086906
210.02338140566778,0.593848672239277,14.438570430876492,0.47743637312692827,-0.8959834255972211,0.7379256298277963,1.8283355530257297,1.153129087693869,-2.9640292243575668,0.9259086510352355,19.947319,20.26257,19.40436,0.8582096
210.08673505026735,0.0553038459790362,14.58091654156252,0.04081175591052019,2.2641338834372684,0.06143027664686068,16.19807559857583,0.12600180587035364,-31.435269749369855,0.08599083174710187,16.273157,17.178997,15.323312,1.8556852
210.06911982210076,0.4765452019644643,14.591667365370276,0.3348943708912295,0.05582947413951068,0.5258932877286422,0.23083763409796776,1.110906286690031,-0.8934421859577252,0.7134596186248598,19.662815,19.653719,19.30247,0.3512497
210.03055088176944,0.3173464319133173,14.530932022843785,0.2496642705028324,1.1647081555985679,0.37212854277461044,-10.99496257962713,0.7183623095565242,15.595024542666387,0.5438572043678238,18.891552,19.846457,17.732763,2.1136932
209.9064727433718,0.5775614304476763,14.650099751994995,0.4220822538771313,0.08293218911305725,0.6992211591738475,1.023477058196382,0.9965138382983117,-6.577706007498776,0.7844927186405477,19.584467,20.656553,18.312202,2.3443508
209.95138131581763,0.15112333717157303,14.601743430782088,0.12642197328259275,1.7950224551586627,0.1801310446986897,-9.464582846948728,0.30283544964204473,11.307921046962619,0.2502944691047479,18.051527,19.095377,16.990585,2.1047916
209.83681187297515,0.1274975843398702,14.440242389253953,0.1031510156345028,0.32676378916716325,0.15610030075258619,-26.470255376775317,0.2745368030245107,-5.017301340939039,0.18649360346871283,17.677353,17.912634,17.24191,0.67072296
210.060673002914,0.0999926116556555,14.59797466502108,0.07214282077639496,0.08547625092732337,0.1102673668126485,-0.5380464025724856,0.23113958662619796,-1.0506445836001428,0.1513133978006801,17.39999,17.958982,16.680183,1.278799
209.89771725886214,0.5239425409225177,14.639054848260301,0.36911641201952067,-0.19343911338077913,0.6402567270540674,-3.4463775899472093,0.8429542764221095,-5.848480911191369,0.6644278524655446,19.485224,20.072311,18.632956,1.4393559
210.14375999150099,0.37718826770102204,14.637884285236632,0.2610050234252713,2.721449371439408,0.39994412640936433,6.051704670833411,0.877916970061892,-15.02881187309373,0.5205642813560537,19.094687,20.624834,17.81138,2.8134537
209.8198192909859,0.2869182946862099,14.428073871410161,0.23304423835101423,1.005698721093975,0.3555392769551593,1.556690126695659,0.6120280677281684,-11.804224197301279,0.4043894817573102,18.764324,19.616428,17.829813,1.7866154
209.98903766147723,0.6112419149162037,14.436586742365357,0.5063106036241505,0.5226691917038248,0.7235247110139542,2.136405812374868,1.3194699922638549,-10.346945953681255,1.0510393375688378,19.82586,19.54991,20.194283,-0.64437294
210.0897589822947,0.4148455125656502,14.624649769331374,0.2983969290275752,-0.6769453196820563,0.4769073031450139,-0.4136525069561092,0.9886336581478841,-0.7163938458680962,0.6358594383054399,19.57535,19.57688,19.000376,0.57650375
209.86056783412252,0.29944766200614614,14.445900619238335,0.2297432982535477,0.3900129110312397,0.33861778055075326,-6.277280628116218,0.7083364901870308,-6.979620416327183,0.4866666399168796,18.783846,19.027273,18.29785,0.7294235
209.89510040924785,0.4914350270866828,14.486010227062183,0.39007938015818056,2.988538166185439,0.5889926719032027,0.514496815629359,1.1014534906988935,-75.58847372832898,0.7492243548763687,19.659487,20.716728,18.24958,2.4671478
209.98629031180624,0.2540123185455467,14.602858832106651,0.18689468153851857,0.8854690177556591,0.28951463085839757,-8.036486274112194,0.6218870015739489,14.732240075650669,0.4202253008845693,18.617273,19.29618,17.723675,1.572506
209.96166702264946,0.6550201060254545,14.478551604525126,0.5374691409847001,5.262752277690231,0.7741059000912821,-129.53078093755525,1.5115219678210206,12.004076079375412,1.1181274261177117,19.997583,20.160015,19.609175,0.5508404
209.94307231759856,0.5623719913444135,14.419950542720612,0.4670735418020847,0.24055602302425694,0.6938693658820164,-0.8977344320528091,1.1971005573568856,-2.0906027030187677,0.8925142785166095,19.938349,20.292423,19.365486,0.9269371
209.93294899688246,0.5541407334957842,14.483311400755367,0.4123280051372299,0.9470165785836339,0.6428202802578661,-11.342579654046082,1.3095523570590772,-3.4625576313034303,0.8729643163771853,19.644909,20.947292,18.447884,2.4994087
210.2015795054218,0.1719233697420891,14.389134880026404,0.12738737240544862,0.4892051750296366,0.20180047158889433,-6.148730125307032,0.3031211136524772,-7.196615843649154,0.23695353883056566,18.132185,18.382357,17.6451,0.737257
210.1693748770916,0.46366902431238727,14.628919189304806,0.3186114036628293,-0.9599360241125431,0.5138186633045501,1.0624584416357459,0.9927897611598229,0.23126672509030974,0.6274955817645791,19.674992,19.571075,19.422737,0.14833832
210.06843985569412,0.18993513771414158,14.633401978071053,0.15245808588411217,1.8896143269055017,0.22162135211408077,6.719115938986545,0.41217311947332524,-16.762692661031906,0.2923830494673178,18.231632,19.397724,17.070663,2.3270607
209.96786042092575,0.3039628073868978,14.480778560368648,0.2518814131412599,1.0967997221711245,0.3744769152983749,-14.885510100846355,0.6448715890577786,1.4501062986860918,0.5161798474191894,19.036991,19.836811,18.05875,1.7780609
210.16214873222648,0.31749891271650826,14.598675798058506,0.2534606160537398,0.5042130845999399,0.3707699968501473,-1.579534349849777,0.7121469516850485,-4.171527890936835,0.5168356427388872,18.754578,19.099749,17.93413,1.1656189
209.99907956907953,0.4225288682215018,14.641910981440057,0.33376776778800066,-0.5753731641500087,0.48486834441393245,-10.284228912842902,0.9291231536976738,-1.5822530409797344,0.7466845318918961,19.610184,19.421854,18.817446,0.60440826
210.13757271284496,0.5453789996795378,14.58446833424296,0.3822687933455394,2.384183998560461,0.5917833002599913,4.824044230952372,1.2351413595937755,4.979572144122713,0.8135820471356561,19.72004,20.977688,18.364786,2.6129017
209.938813512635,0.16341400831886746,14.488322548676358,0.1373140590445709,3.841028769714692,0.20433930171574882,-35.72814108509792,0.36447996067245303,7.204255207774736,0.282469075852189,18.019474,19.33156,16.859497,2.472063
210.02408221636244,0.2613140344170085,14.483236001872323,0.21570031392066533,0.30601344668707664,0.31611977870259345,-10.66662350812193,0.5622019108682969,0.6260163164290155,0.4502514549486814,18.805233,19.05099,18.270226,0.7807636
209.9798602436471,0.5880704411271325,14.3007141005503,0.48457066458239306,1.94062484845081,0.7448011334064444,-11.207658089535181,1.0459031454950931,0.8964863991335121,0.880481651082283,19.761173,20.533772,18.653648,1.8801231
209.94954067778053,0.3652606268095224,14.645273910781642,0.2969779873348965,1.2724963238331406,0.4528666795641647,-37.04210652128481,0.7314239656249936,-12.41953045126538,0.5888991306815771,19.43793,20.152357,18.359674,1.7926826
209.82761545931578,0.21374097559307406,14.459823618941439,0.17581006731664287,0.27503047642800327,0.26767742932723454,0.028663732285458807,0.45186896757416123,0.1712406912277064,0.31252669619053136,18.521887,18.559315,18.126757,0.43255806
210.04429281374502,0.12695766975641704,14.602124140156347,0.08874258698714052,-0.02381789485517173,0.1307259766662347,-11.398926028607056,0.32027590769369046,-9.85193854430847,0.20455993153471375,17.644073,17.849194,17.217094,0.63209915
209.94367264565557,0.44810042291209107,14.580050638541396,0.3520605390248161,0.10848024615189661,0.5208392699765602,-1.7299507791473823,1.0210345085353354,-8.422647372103476,0.7438303088559317,19.547571,19.139158,18.53855,0.6006088
209.8799295017468,0.06224232598126852,14.411871981333826,0.050989398996176535,0.8404599795432744,0.07517449684850981,-14.004255098921776,0.13113625764784326,1.1734101522636515,0.09913480853300453,16.427801,16.996756,15.71799,1.2787657
209.96095960596344,0.23101094894269944,14.486425805575283,0.1898557841551835,-0.07757157921374441,0.2733246347661387,-0.4471075403429303,0.5104735429663563,-1.052925968293495,0.4012182054127539,18.56588,18.934752,17.815908,1.1188431
209.83900161840276,0.1265085041425295,14.601766102754757,0.08401953507404779,0.7607133089764211,0.15421207081678656,-2.452196307623487,0.1788859708110885,-2.281611744288596,0.1339833632700948,17.070187,17.604704,16.36697,1.2377338
210.20233819535653,0.3325997871897943,14.625532759139348,0.22487138640326246,1.350858475586131,0.3718473260454876,-22.729041135342296,0.6692163238347968,-5.359510802275283,0.4277525965100712,19.095882,20.156158,17.836838,2.3193207
210.16810774943954,0.647059090178279,14.470793654630123,0.41988905900972984,0.7154520678272238,0.680972998811948,-2.507573519593177,1.2877104579502503,-4.170800748464963,0.8102594420003542,19.98313,20.389591,19.225992,1.163599
209.9258653236854,0.13523351089390773,14.416977917350057,0.1092146789773623,0.8991612982440992,0.16114711473242677,-5.828534731633162,0.2944304239418773,-7.695093319315914,0.21444429322970432,17.860485,18.908157,16.843569,2.0645885
210.1592073203538,0.3069462306442239,14.395979908773267,0.20821465623709537,1.5053948561629305,0.3465259021998575,-11.844664839498309,0.5363313096479247,13.703208917050269,0.38403239928636285,19.074244,20.466288,17.847809,2.6184788
209.9469706131248,0.5842798546316645,14.465609869617298,0.4184892362247214,0.14811286038198504,0.6349811117073352,-0.580334612223294,1.3517533293291755,-1.9840900913966621,0.8552907440106197,19.529457,19.325233,19.00025,0.3249836
210.09840471846852,0.5570630919652844,14.622133368118101,0.3967170675590552,0.09780042587168955,0.6384664164984734,-7.4433227031777935,1.335250412339416,-2.3769156161667886,0.8726245632635071,19.97144,20.284988,19.175585,1.1094036
209.96387977860002,0.43495780581718446,14.651620020238527,0.3818517742318342,0.23810200779584717,0.5298413987143562,-1.5949470435057305,0.8666841716803785,-2.0679034988782963,0.7587778986117937,19.617851,19.72313,19.282005,0.44112396
209.8910210313971,0.12474497050530062,14.486692034941436,0.09872198261969248,0.2347039945785089,0.14784104777183568,-7.192567099232858,0.2790518161812257,-1.1739148482065611,0.19672099980732635,17.61955,17.962076,17.088993,0.8730831
210.15970047285253,0.11879672595622091,14.62459465546183,0.08720104246769318,-0.16547070160360253,0.13685152201682838,-5.127852951767704,0.2587429313670631,-4.200922469970157,0.17279805981166227,17.533693,17.866405,16.977894,0.88851166
210.04104822824354,0.1355152690013241,14.47304967927244,0.11998478883203974,-0.25725362167507,0.16620528579492766,-0.5353669957829875,0.2907072854679946,-1.5955033022844136,0.2494855604418066,17.726109,18.296738,17.052923,1.2438145
210.13429594547202,0.09127210159403072,14.651410450277446,0.06854802533339603,1.128284980532258,0.10644054969205599,-14.220990847879586,0.21691463741140887,-6.038761859203365,0.1432502973640244,17.042423,17.764212,16.191917,1.5722942
210.00341906796217,0.2020873362553636,14.55214246040086,0.16809208718666532,0.4411853656815555,0.24671280711368743,-0.7643122972205376,0.5091577971837411,-0.5981858358123407,0.4075761183836572,18.403816,18.873526,17.741352,1.1321735
210.0227082374272,0.4328490328985354,14.400854592936573,0.3419512069343812,-0.1758400701675913,0.5016835411646077,-55.435470327627236,0.8796047560150143,-8.805331185062348,0.6630191804965226,19.47741,20.038048,18.653316,1.3847313
209.90646562058961,0.25233003838474055,14.47174056815992,0.1889335884419904,0.19138952739738915,0.29020139207578954,1.323900174197258,0.6100003182473783,-7.339862054715997,0.40431392412168426,18.702923,18.96643,18.165482,0.8009491
210.10726847601873,0.4546643546115039,14.552311769742404,0.30160905830591617,-0.3872005480629016,0.5164278405889984,0.4088193020624613,0.9032480990018665,0.17434444452269054,0.55770289018495,19.644337,19.646208,19.106237,0.5399704
209.84497121481195,0.1893072914565076,14.558883814751129,0.13616386020509758,0.2071506850993551,0.21115798023259666,-13.438277618942568,0.4211631063766634,4.079943297931477,0.2535964647387549,18.195005,19.048477,17.233713,1.814764
209.95671264798187,0.618010718689979,14.469997054751616,0.4756430798253547,-0.14094520940366123,0.7372511848170977,-1.3729123100705372,1.3648359563070382,-2.504794201089493,0.9653194352325379,19.951714,20.235905,19.379078,0.8568268
209.8914202535738,0.2255211418869985,14.471012178399432,0.17790526547487062,2.1204957463515335,0.26825861483055563,7.406875742990432,0.5017050673094804,-5.573285678426272,0.3457705393419321,18.508556,19.679375,17.373661,2.3057137
210.16484938415556,0.5343012045693951,14.47440532206379,0.3377459012165897,-0.5905933349862612,0.5371454882313468,-0.42957249170845724,1.0256984846831436,-1.0460716745646288,0.6424415456426051,19.707851,19.698608,19.579874,0.11873436
210.1325710235028,0.08281684522302513,14.615274494847398,0.0601198923340143,0.514609724130412,0.09095093042848665,-2.7641594684641415,0.18822804926978853,-4.838159079525048,0.12521299178624204,17.036182,17.454378,16.437096,1.0172825
209.916636978703,0.6733590682175968,14.519411612765564,0.4588385501065762,2.66838528092719,0.8089256267661956,-13.618566960699114,1.1869532521294708,-28.880668443656013,0.8213905784489525,19.780333,20.981512,18.429499,2.5520134
210.0164888974247,0.4878793676862158,14.407271165138981,0.41815064262103174,0.5812557168808101,0.6025367271032397,-0.32838917312314564,1.0161109740078782,-0.710961444548415,0.8816476370055021,19.648342,19.6458,19.414536,0.23126411
209.9787077943726,0.4148794802838212,14.620945554787554,0.3469033804642271,0.3570440420940172,0.5104378966654546,-0.06760941018931252,0.9146454544234812,0.017256346354704882,0.7768047860650162,19.567095,19.501734,19.293581,0.20815277
210.19942534288924,0.37067983936022175,14.481603922189432,0.2526719851806267,0.7100744273632829,0.38641411009023013,-7.010844467480242,0.7359228960903509,11.894653821783884,0.4741866359106267,18.820145,20.134924,17.583538,2.5513859
210.04617998697637,0.4509280850327982,14.40543649567094,0.3456065938053926,0.03579801326615507,0.5199138842924274,-1.461662945022961,0.9163764478384916,-2.2933694523042135E-4,0.654439606757002,19.423698,19.537916,18.987268,0.55064774
209.89486478151684,0.4733060453040143,14.431741797000766,0.3869910029603179,-1.2257519505978354,0.560777943064689,-1.8845351847123994,1.1247851213625204,-1.2687839474195344,0.7904974552492093,19.673265,19.56759,19.496687,0.07090378
209.92793923421175,0.26436633068320664,14.544046594956052,0.21104579944474972,0.2223161847038028,0.30535257209808087,0.14337701696101007,0.605172046335045,-1.7785224064509335,0.45640595168767495,18.808731,19.123156,18.173101,0.95005417
209.9499172654377,0.4884226013102108,14.610987747220115,0.4024303728393506,1.729538107206242,0.583037884047932,-1.3842383969603536,0.9728857998245994,-7.520951556972935,0.7819799681908655,19.582523,20.93191,18.257887,2.6740227
209.96544024078094,0.34521907435464233,14.595370374151623,0.25644889697259277,0.5903371387197645,0.3928911248500022,-1.2168965734116535,0.8224606497355262,-0.9597643650804878,0.5481496537143339,18.848324,19.194944,18.209671,0.98527336
210.1430385089008,0.07171668206342481,14.65621107289853,0.0563733193073597,3.037372572299615,0.08587154569627847,2.8169963758792367,0.14614236773851935,-8.433151368681857,0.10765092162937462,16.232141,17.300074,15.182879,2.1171942
210.0168978027518,0.08703437400389656,14.523593263564027,0.07115048293431715,-0.21900313235701302,0.10249678283867023,-2.139928658030837,0.19393003377107124,-5.027063412342202,0.15423250784637182,17.047398,17.409101,16.503716,0.905386
210.0575896865787,0.5496196816187262,14.639675975838367,0.38090596188498027,0.6997897303324809,0.6030866151978728,-1.4779926865316333,1.2062983451888907,-9.710755464849639,0.7689915504047631,19.727917,20.24203,18.534697,1.7073326
210.0935082975095,0.31683865395548916,14.55747968994015,0.22341981069849515,-0.16161739758815996,0.3534493137144089,-1.2435423077535326,0.7160727787033934,-1.3593207098452627,0.46500839437463054,19.200258,19.491241,18.650393,0.8408489
210.22171462633472,0.05403340726230495,14.451399184498182,0.03522630866894296,1.9927947880365835,0.060178781221429625,20.975768162915188,0.09213679589686881,-29.28762298554986,0.06384915266582712,15.475782,16.199717,14.657552,1.5421648
210.21481812316912,0.5365701483647289,14.596951672673947,0.38528660409201837,1.2419226459514938,0.6431600676590217,4.12792097462243,1.1377935225329074,-1.1597935683211789,0.7501803421881921,19.450167,20.1008,18.42595,1.6748505
210.21253470214154,0.06162646477306317,14.456332911129067,0.04171544101208087,0.77825179174525,0.06912605310850918,-1.3611488967562217,0.10655746965992748,-5.38642076208958,0.07895232144375865,15.979265,16.437899,15.38326,1.0546389
209.9958628811125,0.14400443473349683,14.525313812518288,0.11764751794641524,1.9041140527558378,0.17264435946415269,5.982547484871609,0.3156509709031393,-30.90474689463786,0.24799578067572756,17.860985,18.875425,16.83752,2.0379047
210.17852127141714,0.5557950840863126,14.5367809849886,0.33550049036958596,-0.05331586127142177,0.49185926834592963,0.32005730630005896,1.3214943551027192,-2.8172574370211136,0.6382515416851878,19.357803,19.805973,18.795965,1.0100079
210.11189942670362,0.5549538519585347,14.592510239677992,0.32923430063117476,0.03208216817756999,0.5250728482244433,0.5830418828083193,1.2283206316972504,-0.43593950495736417,0.6948700682363229,19.49904,19.376503,19.077778,0.29872513
209.88154451529002,0.5471624653680187,14.548683900480519,0.4387122852573828,-0.3493630747220245,0.641946334882325,-6.63727049844139,1.18763716708476,-3.0640760570084042,0.7547410315700166,19.66112,20.256771,18.76623,1.4905415
209.931759594862,0.0569740198785481,14.40260646296219,0.04593938963352386,0.5663051188084715,0.06680715906944272,-8.042115226542142,0.12193802048525686,-1.343049211245226,0.09292340780865115,16.310219,16.628408,15.837318,0.79109
209.83580822959382,0.08853536884385467,14.515383251683241,0.06898466607801614,1.5173242501983724,0.0991552098565321,-24.24987657260834,0.19440961634601905,-0.33803374461232427,0.13863461790340273,16.963573,17.870625,16.001305,1.8693199
209.82406600279884,0.28777503394660325,14.547950809840005,0.2282526629801724,0.305124207719805,0.3263727177375622,-5.039911730213177,0.6392417899987224,-3.0497820639771804,0.4556445770749454,18.691422,18.936493,18.206514,0.72997856
209.9917887221445,0.5491926470558431,14.63175933790309,0.4239449156534142,-0.31296525393310487,0.6344254331627358,-7.223463380002018,1.192960871363306,-7.44875862653661,0.9326243964118496,19.9516,20.626925,18.973295,1.6536293
209.95324128401617,0.1927883951470691,14.698837916954767,0.1241868195811276,-0.010245447315296252,0.19597139159610188,1.0482534152657186,0.38339796483348637,-8.989236966237343,0.2511146782591297,17.961643,18.273176,17.437632,0.8355446
210.21682856954473,0.6355356902735589,14.508214241881467,0.40017526696271716,0.1844571566352671,0.6446151243707252,-8.654221527509101,1.239662887674427,-6.420662810454702,0.7549022249944001,19.932457,20.451017,19.143343,1.3076744
209.92017448725383,0.556126152909065,14.5467768085644,0.43318020698853954,2.374524871393302,0.6492127278126455,-22.537159259197715,1.2676416637549448,6.208298339624781,0.9008750806993417,19.748646,21.153131,18.455046,2.6980858
210.19712710055134,0.576228175604947,14.618004053575998,0.38205288456528613,1.4101133382462299,0.637217864515512,10.003184946248906,1.1718170225643312,-17.567889579661433,0.7380505403628238,19.893572,20.446833,18.591585,1.8552475
210.11266554381862,0.5205945399139211,14.641764158565191,0.36657025162634976,-0.9725888789393814,0.5519277744029992,2.085905084131208,1.1919042296483635,-0.702884600203195,0.8008971796187364,19.688423,19.625301,19.345259,0.28004265
209.98027647511674,0.4622858772792458,14.54638520020259,0.38135958749317045,0.49950150136524873,0.5609446149431246,-0.45266805462318993,0.9833691585497776,-0.6261525165019625,0.7623319673415908,19.57783,19.467653,19.043865,0.42378807
210.09208525922497,0.4703801208499198,14.643941540581238,0.34485353954152786,0.5922095565985942,0.5324484777818783,0.7384354782337179,1.0086777160032059,-1.1359561592640763,0.7193446270246323,19.560081,19.533836,19.397837,0.13599968
210.1038755510905,0.4844885359084394,14.515801570357631,0.31470116212144617,0.4188367074766064,0.50913705342923,-1.7739131190980946,1.0751644509299394,-5.206443337182672,0.6317990108595122,19.655983,20.00392,18.867199,1.1367207
209.89857193577072,0.4549165292298375,14.626403070173247,0.3447428998551298,-0.0971595598739916,0.561854819591596,-0.14374170659577043,0.7875339325076813,-1.3209509901632963,0.6435019424845517,19.420586,19.777225,18.71379,1.0634346
209.90506675712197,0.5495146212498706,14.362645279654483,0.4736584033951818,-0.17231582633592307,0.6892028855566938,-0.42584528522791193,1.1659940505542619,-1.9384280773945488,0.8822058328488223,19.908981,20.270426,19.153488,1.1169376
209.8979335037521,0.5207396741381309,14.352139577866792,0.4099393702750852,-0.5025451147391701,0.6035519462857085,0.17830895654216672,1.224117107354361,-8.345825684959873,0.8023147684154892,19.59668,19.884071,19.065275,0.81879616
209.97721060642695,0.24856124668849408,14.673634267887858,0.19554218945312635,1.2323305971067424,0.28595373386738016,-0.3612338545060432,0.504622675094341,-0.5904355596392294,0.40288404472849054,18.921534,19.940138,17.77286,2.1672783
209.8705691948594,0.07433420643733933,14.596857186200522,0.05980638355351183,0.7791846255605615,0.08748116973428985,2.337627628438438,0.15266478910944298,-4.441672241864056,0.11366209823994254,16.87557,17.336763,16.267216,1.0695477
209.93690521997829,0.052188385573852955,14.368020142117711,0.04428648169097029,0.1553057443194396,0.06119103367169851,-2.5873197462143507,0.11484500123319606,-20.78831519907429,0.09274040313698753,16.019665,16.374899,15.494723,0.8801756
210.11527807714162,0.08055368154443285,14.633990333857152,0.059221510068178135,7.274611093904661,0.08928502720294577,-135.70562397202235,0.184448509448505,45.22832689291042,0.12001373836002817,16.224749,17.653774,15.033653,2.620121
209.84412948981398,0.21445268817151836,14.550160227891201,0.16237816261851865,-0.30514156286506,0.24567381650463538,1.8969507656587015,0.4707130601646793,-21.79729482326505,0.3016481398659637,18.537275,18.881094,17.980488,0.90060616
209.8816324752531,0.08413372003736644,14.348324222478785,0.0652776940539403,0.2972283926887137,0.09954607628978343,-2.2705344824004685,0.2028584889383447,-8.402248394000095,0.12753818142971485,16.83608,17.176577,16.293848,0.8827286
210.12736504271393,0.4467523682076408,14.551575182317217,0.3111336856464416,-0.4284460390483785,0.47719428997255847,0.8860357413443203,1.0457500516935987,-1.2444769782774348,0.6691416274914944,19.552034,19.497734,19.182768,0.3149662
209.973362564578,0.17374186121863278,14.379605305822324,0.15861208901810694,0.0601247471243476,0.21137677933473972,-1.9727975976920327,0.3598489420669186,-6.114638490286213,0.3065423903466853,18.202818,18.470463,17.7023,0.7681637
210.21394718055407,0.07503056959889082,14.501350345943818,0.053854307289175916,0.6153492282669686,0.08500373873851205,-1.8061506864255301,0.13749896065032696,-5.541168515466522,0.0963545798207452,16.475592,16.855745,15.93475,0.9209957
210.0016963311845,0.33023259242938613,14.38738242077841,0.28222935438030927,0.02680418245561947,0.4089580200583479,-1.0524791177843729,0.678962435960494,-0.845427051607027,0.579783772949718,19.193413,19.560675,18.528513,1.0321617
210.0488467066428,0.12702378053349364,14.417053635698373,0.11389477379451138,0.05912645089306565,0.1448228400241002,-0.402723317678184,0.2642358284361488,-1.3524388555821762,0.244440109864896,17.509748,18.071642,16.812996,1.258646
210.053910101867,0.45681462029999675,14.513068947884381,0.36082186379740955,0.7654065113804068,0.5026705661696959,-18.14319300163379,1.0251883167774747,-10.424760186569122,0.8565133958018032,19.523098,19.900198,18.667225,1.2329731
209.96094549914193,0.5935533420487238,14.341442418971681,0.5079132373479236,0.17269032409168342,0.7433303232927615,-10.270684736323721,1.121195095075631,-0.7294955236054531,0.9695181296865412,19.926985,19.919476,19.631111,0.2883644
210.11368694431107,0.5727253623035936,14.538766877043198,0.3827872848408036,0.09564492876427472,0.630812082636378,-2.5294497392828657,1.2334466230626273,-1.3238830738350984,0.7553707988612115,19.866365,20.257318,19.093117,1.1642017
210.20865281071914,0.13792144624556693,14.572865097153297,0.09679416584129473,-0.18903254620974935,0.15578988125878349,-1.3730055001511319,0.27329838462601125,-4.140255119942264,0.181822330392403,17.77416,18.07946,17.27149,0.80797005
210.11956731193874,0.592247893297303,14.567287462321891,0.40075835485640215,-0.16511154981273646,0.6727153329628232,-12.28388582912811,1.3448895962339107,-5.3175894508097805,0.8233243544233367,19.935215,20.665575,18.75642,1.9091549
210.07684782679698,0.3897907992760341,14.427026029667639,0.29248493655568797,0.548751598072803,0.4334688952497895,-0.05586148071367614,0.7696402777594075,-6.378884008843559,0.5976663037329267,19.239708,20.670166,18.096962,2.573204
210.14137036892492,0.6241897959115151,14.538245321575532,0.41858634582132365,0.5119716556539535,0.6838162813121094,-3.312849177580036,1.2683305209742202,-9.150941881554843,0.8171668996877963,19.903172,20.197683,19.144674,1.053009
210.0667218062172,0.38998251368820047,14.42473200433801,0.31329081250720736,-0.6586630132367369,0.4829743295565158,2.261576708664539,0.859919024383924,-0.7418705343763505,0.6458264285745172,19.180727,19.62501,18.587315,1.0376949
209.81782750222087,0.050278877468661456,14.427925297985759,0.04063205787230785,0.7097794750468256,0.060383598969649094,-15.132907238494102,0.11111458909839876,-5.009547820924791,0.07734240892811504,15.90423,16.282757,15.367306,0.91545105
210.08525513545413,0.8826929589253346,14.399726573375421,0.6173219093707283,-0.3283484495708516,1.03320355884422,-6.64521725847095,1.143184526167987,-2.962444839732772,1.2768084702454812,19.965736,20.367935,19.126446,1.2414894
210.0678743801148,0.13086166641498218,14.347194580670418,0.10640883183370782,2.977211401839982,0.16194304798585146,18.479373932168336,0.2384093578393228,-32.95529715831913,0.19841407717338888,17.348072,18.555077,16.24479,2.3102875
209.84286543331436,0.09635440034990746,14.57535324468649,0.07757987983458726,0.34664734637352757,0.11400222177791743,-14.942996198025682,0.19771024492678976,-2.4995997463435637,0.1475788939183505,17.239193,17.588541,16.714035,0.874506
210.1325498675414,0.10190116448206997,14.54011950901017,0.07280281618133602,0.18153146941653645,0.1119028541979401,-8.6975181006434,0.21499921758132504,-1.382740056048085,0.14413820560502413,17.416115,17.647608,16.95583,0.6917782
209.85630699328803,0.2951346254001796,14.52835947740834,0.22912615780300585,-0.1496865396296843,0.34296927209487216,-1.7111703901308037,0.6588836643769783,-8.370010037722862,0.43867753761597245,18.973845,19.145096,18.52674,0.6183567
210.06484452272355,0.1460278858274555,14.396812919312879,0.11332074559727784,0.5138931144588532,0.1735959427185552,-10.695614729793189,0.2668693186718143,-2.942998836499708,0.2202189175931232,17.7307,18.300716,17.051373,1.2493439
209.88756103950004,0.17720851558022777,14.603839174729247,0.1379968319135792,5.1526679468679735,0.20605413163317748,-65.49387859286098,0.36995961421865736,-5.711977613888697,0.26017669194393334,18.074236,,,
210.01452857075674,0.37325040051135305,14.39765430898259,0.30534571041826025,0.8188977594398869,0.4497496702576538,-1.844871274096744,0.7318402308596855,-8.50045011122265,0.6006937257271833,19.289368,20.002499,18.304672,1.6978264
210.06497388048348,0.61019919301171,14.403547574875494,0.47141315152643903,-0.6878707091906203,0.714825059478859,-2.9305406974604535,1.1820102054758252,0.2510220473977309,0.9171858332521544,19.679298,19.68353,19.63572,0.04781151
210.0875002399715,0.2498155096721054,14.656457350570307,0.18129223032777525,-0.16612391177099792,0.2812071802078202,-0.7978523104666024,0.5408721856241435,-0.11980217096341933,0.3751024552317266,18.894106,19.302015,18.213871,1.0881443
209.8664044699909,0.492805914316334,14.592965000333615,0.39470320052485663,1.0306766040070376,0.5965784880030142,-6.609025978599633,0.9802212401596196,-15.894333937339503,0.7107023011956324,19.68139,20.605745,18.426777,2.1789684
210.04369051181067,0.12676393432024627,14.529306981291228,0.0896329565386468,-0.4006954577760858,0.1379552055634633,-0.16981443483881442,0.2604233058285094,-1.038491771797673,0.1914018757161039,17.45902,18.00652,16.756681,1.2498379
210.0124096461246,0.10005439225167556,14.308269748009979,0.08951290561944339,0.5999709128671686,0.1288165851466714,-10.709194989032376,0.1841626302177021,-16.115861124543954,0.17909784305930063,17.174564,17.650408,16.408388,1.2420197
210.191218839292,0.3027688636489434,14.509144627893246,0.201677189484635,0.3387024956415391,0.3265477981822615,-3.499266869084864,0.5691527980492084,-0.46461606571480396,0.3773240675485315,18.800402,19.402813,18.061115,1.3416977
209.9436749860952,0.13984939490145684,14.680897177320219,0.10897829632647288,0.6372558715388258,0.17122352360403864,-23.10780010386187,0.2536007448064151,-9.726388687524349,0.21624017779304047,17.732117,18.365902,16.95079,1.4151115
210.17231724816583,0.37726093486540313,14.591409805410875,0.2619114117079652,0.40938794416686813,0.4183897048795998,-0.4432720342640214,0.7746474423133338,-9.125536325870614,0.48702706440772386,19.095795,19.434383,18.360275,1.0741081
209.91781258929296,0.5864135659594898,14.516598516166864,0.3988399759045371,-0.1978387971014154,0.6958771366194665,-12.784816369680644,1.0505603067082643,2.186177274009259,0.7189734782532797,19.554792,20.266546,18.532753,1.7337933
210.08052245473087,0.16217785066218698,14.347798208094918,0.12139664107967746,0.6450069658083293,0.19691637779303184,-8.779590447329092,0.2668950945343876,-4.230660379034404,0.22817617370079127,16.809338,17.15281,16.244839,0.9079704
209.94395725528565,0.7295491288613661,14.579918120728099,0.5217278521331904,0.04403546374091313,0.7622982504128916,-0.8031878565591491,2.027887679923398,-8.494497417148361,1.2766338593233866,19.924683,,,
210.12382742576273,0.48025231628921705,14.530540927154306,0.36268372311896235,0.49452526390812523,0.5735466707543941,-5.447522287287339,1.0053653190374041,-5.215747653855538,0.6747570904015671,19.767672,20.014864,19.18916,0.8257046
210.12487922352082,0.7031550999975146,14.657891941646445,0.5490510317176042,-1.5793958622979498,0.8332543895248274,-3.264909438735658,1.5543738921196475,-2.658900547922603,1.0928943502548925,19.911404,20.202501,19.123331,1.0791702
210.08851208528014,0.5700118056851519,14.625255460256167,0.4082352142792902,0.31648939435440115,0.6555012563550209,-3.9400483807014,1.3254766528184365,-2.6300084369689585,0.8404514302455302,19.732273,20.602104,18.465513,2.136591
210.10699060085994,0.2858266462473827,14.570947736041719,0.20077020976886636,1.1328553488246476,0.3153663055161418,-46.15855108507617,0.6354306672498625,4.357404926629697,0.4117677520612006,18.992819,19.914011,17.955187,1.9588242
210.1406124925078,0.21316408365321918,14.420613525274156,0.12962200863492543,0.21347481577751123,0.19180651983510832,-6.106552300101157,0.45088185462416697,-9.246445142795965,0.23624766523054228,17.958456,18.512737,17.292982,1.2197552
210.11368686557267,0.28620010023210996,14.569241578100582,0.20630638948697277,0.6973150121116218,0.33290139053501505,1.796615594258232,0.6374178595489268,-7.087274052534164,0.4212546923754956,18.968075,19.740053,17.90219,1.8378639
209.84176109807572,0.0491910607562743,14.618037960613306,0.04018578178426167,0.5569844307653424,0.060738019454972945,-2.9893893950810493,0.09193966826322661,-0.32039112124723496,0.0725559488862506,15.734748,16.063894,15.239677,0.82421684
209.87203508454783,0.5652143227217928,14.594316871859574,0.4466064699152623,-0.8596797892528276,0.6759543804183359,-2.8122141635112015,1.127223514648607,-15.64098319904151,0.798682624314599,19.708584,20.707983,18.486353,2.22163
209.94878051234554,0.29017421814236766,14.514056754261027,0.23697013369754485,0.768006914941175,0.34607443670407434,-2.242029468602379,0.644359811870858,-1.6409727458192822,0.498247337963129,19.032352,19.815283,18.069542,1.7457409
210.0863272568151,0.1510120229143979,14.67832787883326,0.11117399075209879,0.45895962075475993,0.16957652698012787,-9.779651349443675,0.3227537150388635,-7.094651177978214,0.22474842516152782,18.118057,18.75641,17.254183,1.5022278
210.02938784239845,0.47189369465365877,14.340816099559266,0.3827403827379173,-1.0549277971972164,0.586670730278099,-6.449070081405318,0.8324054264159505,-5.844535962360397,0.7264772617737325,19.569693,19.894266,18.926323,0.9679432
210.13780318384522,0.3355751085028692,14.499913029094753,0.2313555950965775,0.062375683737247195,0.35184163987722106,0.5310465616406197,0.7007639276582496,-0.7205136620405441,0.44948512626533893,19.197247,19.615477,18.56738,1.0480957
210.11617176914595,0.09838469626158038,14.309454664941908,0.07622370017684275,2.604330474310823,0.10874848011940817,4.678610402073307,0.21228821879717064,2.1273917738417727,0.15037001704274638,16.72074,17.966452,15.602624,2.3638277
209.89800722079298,0.11200831336126318,14.339916988787357,0.10054113725483041,-0.048991816900327195,0.13980427442859147,-0.7093662695099623,0.23313304400132664,-0.7138757312128065,0.21191752979447373,17.624882,18.114792,16.950928,1.1638641
209.95139428931247,0.4824168161184567,14.534332661586705,0.38019549197053115,-0.006396192369099514,0.5635470669492569,0.20237041636704722,1.0625473498143203,-0.9744778202947162,0.7867418027508867,19.386576,19.524494,18.866293,0.6582012
210.02905762304812,0.14848902070554892,14.535445568879341,0.11674847237664056,0.44349381789969927,0.17194621090157677,-4.222569235311131,0.3343623306360125,-14.998473579654343,0.2575521218929519,18.005487,18.42762,17.394161,1.0334587
209.8122746083182,0.06504187661785761,14.522782207004862,0.0506020958948916,0.699222830457562,0.07336990660302763,-18.9714557637409,0.14083508036236392,-12.507765553787102,0.0992079989123875,16.464293,16.871592,15.890286,0.9813051
210.09869371717224,0.04506910827547485,14.696709365008402,0.03519601092186069,0.6904266849380045,0.0510917475427662,-7.080612846661815,0.09432499204570505,-19.516712970234497,0.07112584362440685,15.830581,16.193956,15.298573,0.89538383
209.81379189170696,0.5494864782543427,14.53800616774546,0.3725300266001468,0.775409790267037,0.5564454867975748,-12.991321412579078,1.2357148493929984,-11.766263876845912,0.667386286053172,19.6249,19.934977,18.97865,0.95632744
209.90483777328296,0.571252089215451,14.335623031383873,0.5044528046435693,-0.1391715595916104,0.75891698952653,-5.046893881516158,1.1352291280846052,-6.433323632510316,0.8828447349585374,19.861244,20.820982,18.59085,2.2301311
210.13560045275074,0.22249405401365088,14.40018135535409,0.15184725373373545,0.5350399166741925,0.25323503211664317,-5.575051272638334,0.3858761620924823,-1.6669458773721308,0.27981714875795655,18.545408,19.046312,17.901716,1.1445961
210.14397688076787,0.0531961160793401,14.327288515595367,0.04318304039232113,0.3113303676539884,0.06131072908034347,-1.0542455059790508,0.10519808212643664,-12.723958161348012,0.09091532070314279,16.271849,16.576477,15.79514,0.7813368
210.0639404908324,0.1328365198993932,14.3841746670657,0.10504942377556178,0.29255630577774244,0.16181618671666498,-4.018862734875886,0.23409659807958963,-1.9108972177567978,0.20337350694399434,17.608831,18.081566,16.99367,1.0878963
210.11779283427197,0.41301457054658247,14.363411493152086,0.2930403221034585,1.3348578088714265,0.4622809905533218,-0.6449986533647283,0.7292638329339218,-10.284503900442058,0.5848053493459661,19.336817,19.995724,18.187082,1.8086414
209.9668957363247,0.17627858124234086,14.336116407081395,0.14226820869631493,0.5111855409225474,0.2141935486062728,-11.627865980172508,0.33099250668834723,-11.715312855896215,0.26824044893663423,18.01058,18.234245,17.534685,0.69956017
210.06870228427192,0.651309116603869,14.414052901787093,0.5101047980229456,-0.3338172195583717,0.7700195031527798,0.48768103486572933,1.2653952416455991,-3.2972311062779056,1.0073302368678798,19.69207,19.976164,19.264793,0.71137047
210.17191548205722,0.3166912308627079,14.36310608715165,0.24802812930105786,0.38238859002709263,0.41404173005675904,-0.5993168046206037,0.5474319918931577,-4.636387473673472,0.4147758931038055,19.076284,19.77394,18.205627,1.5683117
209.90567624744523,0.5902648130200885,14.494710094589617,0.45084223784831146,0.5570230735281397,0.6788541401769405,-28.68682355028657,1.3378555278223632,-56.118167142315585,0.8900295039513068,19.530739,20.246851,18.568089,1.6787624
210.06651119910651,0.13395348695586148,14.50683103983575,0.10413255578231842,0.09953047865828286,0.15602724515129915,1.5424693176731736,0.29143085542224273,-21.583299429042924,0.2197430384780924,17.798487,18.019983,17.33514,0.68484306
210.0698344501418,0.7902367070668476,14.298467192128124,0.5603688092934507,1.019602452222583,0.9152114773547732,-10.772339664438851,1.4367748440315498,-0.8389640171033501,1.045868865001557,19.33535,20.13768,18.263002,1.8746777
209.87808727607555,0.3081389358312016,14.360062040296377,0.2527120861047989,1.619209363089446,0.3896243834361967,15.187126628649402,0.6992200047682087,-16.27623449190257,0.48530556592837154,18.821362,19.949142,17.697315,2.2518272
209.9316898837801,0.18540835388964816,14.33233613553249,0.15597739584445616,0.8840394988577608,0.2379910911109718,8.849327609183579,0.3497782922112672,-2.8368610069081215,0.28756252452066916,18.336193,19.311249,17.358423,1.9528255
210.13435680893298,0.09939806041634658,14.353436617323398,0.0697589958132615,2.3079395194160655,0.1113607649936034,-11.920240240860732,0.17302708104892994,-9.254893525425098,0.13781172285161944,16.946568,18.03688,15.900926,2.1359549
209.97172500676376,0.24177450832375405,14.572481213050555,0.19220848771968635,-0.09978437656145296,0.28522665817757364,-7.13170232280446,0.5414071905288584,5.840539397729297,0.40071682767242617,18.62983,19.434656,17.627325,1.8073311
210.05799242063108,0.2428209560832744,14.551211925042585,0.18298748542572776,1.5301366954491091,0.2702151368827538,-10.730624784564077,0.5614676838893758,-3.735363722483093,0.4164297658992395,18.834087,19.832464,17.767462,2.0650024
210.11155633156392,0.06115766980598498,14.345888344738512,0.04912086029295794,0.7011025365800068,0.07173696632881156,-6.685352262623815,0.10139075087216336,2.64568797842775,0.09812225388048051,15.97151,16.36107,15.42794,0.93313026
209.96105619425953,0.4581553458265182,14.688553172973695,0.31217129799105964,1.9062469985400596,0.527858466745468,1.7610248516816673,0.7923505907394512,-9.405582894232774,0.6073927390518461,19.552448,20.702639,18.283934,2.418705
209.97504502667607,0.06091238336311301,14.351642533385158,0.04883625801427068,0.1344226289776916,0.07296328189384914,-2.4082232430707604,0.11211962371160805,-3.0946918234217677,0.09695451234082277,16.266659,16.586266,15.771862,0.81440353
210.1378592409099,0.13542413540872497,14.5278236813779,0.09516556136009158,2.720620767579246,0.1500408848788859,-15.418351606650358,0.27812773868838436,4.0873667621140255,0.18444982504780838,17.92626,19.16333,16.814535,2.348795
209.9159541787101,0.38683404089331946,14.575961341019193,0.2892057103162954,-0.2490413962073595,0.3936501822206568,-12.508154513608849,0.8682710910758394,-0.9576989328630066,0.5611842289764508,18.973633,19.327175,18.426384,0.90079117
210.0894128475104,0.613905051969037,14.382809724549237,0.49853707525995794,0.7999782942504312,0.7709130372676206,-2.1082209907055223,1.1826159452196099,-0.975011358256279,0.9555520309721431,19.8915,20.330153,19.398785,0.9313679
209.98196763039942,0.0582241977684274,14.496497018493853,0.04398609245134945,1.1759777513667966,0.06286644186399691,-7.730301977199825,0.14683980436608027,0.7561045302002005,0.10334179372942524,15.962071,16.522127,15.256581,1.2655458
209.91088371882546,0.20115252535017744,14.321078016673331,0.17212984863324154,-0.17298707381139192,0.2632380333864157,-0.8593425489946154,0.3874606042867259,-0.922465620845167,0.31803765280435503,18.486677,18.921417,17.865406,1.0560112
209.95889736105053,0.5377321260362382,14.329005460834951,0.5120866945651849,-0.40461374410263984,0.7067360570826315,-0.24434814930200185,1.036771734463572,-2.5345614399093983,0.8796452875695459,19.78442,19.86455,19.249884,0.614666
210.0094012152402,0.4535168368332071,14.696087519439493,0.3430319992621328,1.2219102140924434,0.5043542645723866,-17.067815627169445,0.9730591334778774,6.37281198439163,0.7289166496327859,19.503548,20.499302,18.303202,2.1961002
209.9901987542894,0.3505314381652762,14.498751834569461,0.2672918320031821,8.219661659452933,0.38564240917344583,-50.99840901567119,0.874467489262491,2.889360418112882,0.6371856250343341,15.756308,17.144293,14.319093,2.8252
210.07201580571598,0.625685699453579,14.41212359755905,0.5218069559956965,-0.49667514076138813,0.7661147011860466,-5.9441940746523745,1.2743268146714368,-1.9696839623908353,1.0293950310865085,19.871485,20.112856,19.175556,0.9372997
209.9199235054816,0.1611749276428769,14.667716948422726,0.12154570901261663,0.38388670071620534,0.18658340718948455,-13.20685311428921,0.3035383925970877,1.0194649892089447,0.23850954371365513,17.904194,18.250986,17.3133,0.9376869
209.9350817702728,0.13840372643838858,14.575508408092388,0.10221017045137097,1.9093752374293411,0.1616157503017544,7.515518993288899,0.26458617275225105,-5.066202568363716,0.19585552861202474,17.441324,18.697659,16.334969,2.36269
210.07734071413003,0.3194577905636844,14.380423476649957,0.25206507510016435,0.1484937678208541,0.386062500698969,-1.1278537453559894,0.551850762028229,-1.2864081058790917,0.47453495324064626,18.921356,19.443945,18.348684,1.0952606
210.1304888400151,0.09527694593964563,14.416872945360883,0.06229632213528782,1.4454397609485201,0.09828891351225677,18.619251644090905,0.183376188742404,-16.025944934068548,0.11880395247165032,16.939926,17.748375,16.05609,1.6922855
210.17174183453125,0.1686629072339173,14.563098883650886,0.11930941361054787,0.40120736484353636,0.19193707929100276,-5.838312251039213,0.33690938658079617,-5.234947198041217,0.22227916551529744,17.994213,18.673609,17.15547,1.5181389
210.02861414478647,0.26191833552217414,14.584780641505327,0.20540390753522822,1.63721255602949,0.2834357939022038,4.86421728544229,0.6484114997694543,-3.6556840773561783,0.5148192862550247,18.725086,19.748955,17.58982,2.159134
209.96305574007425,0.4398073990646997,14.328679748047037,0.3956377516806813,2.504375200248082,0.579349682521414,-36.88561587267576,0.8214859697069857,-0.5629301871319443,0.6390576135298596,19.180092,20.775335,17.927362,2.8479729
210.06337767158115,0.06658573522630017,14.463763080489425,0.0560893561391855,3.3472937361102746,0.07738165433076899,38.78995290317951,0.14461587639941953,-21.904901482648814,0.1285695775227688,16.319592,17.45112,15.271004,2.1801167
210.0007601140629,0.4197640440027327,14.321786340409812,0.3281259584084274,0.5892659199362164,0.5205558531545416,-14.429238992171559,0.7005589075956637,1.0220658482393605,0.5942108183489679,19.21154,19.654385,18.656746,0.9976387
210.19020197594855,0.0908143819924038,14.510847410373591,0.06093490879043779,0.3757874718179441,0.10007943949102768,-2.5808608490171405,0.16044003287494787,0.18050951226604245,0.11508053405789645,16.731213,17.041958,16.251463,0.7904949
209.90942444986388,0.25860362862041836,14.665784565434983,0.19240469214039543,0.43959928704530776,0.3083207950638443,-13.997466151687135,0.4699502993265741,-20.91944558792146,0.36675237838221914,18.661417,19.388199,17.703876,1.6843224
210.22833034612455,0.547384062052587,14.441501959703862,0.3470865948132015,0.7991316276598387,0.6221339644311399,-4.734566423049948,0.894751987301986,-5.746506794471551,0.6309473145797688,19.732265,20.729397,18.623304,2.1060925
210.04457198351255,0.3564572026438472,14.490117984763433,0.24251401461450686,-0.4341314275402296,0.3694668285492465,-0.3895202340517764,0.9590013017681036,-0.36304983330339247,0.5646275636108383,19.145323,19.569067,18.484081,1.0849857
209.90981783732957,0.240334337346247,14.667266507735027,0.18010858167261032,-0.015506562994709384,0.286180323848998,-2.5382642064193655,0.442926509066903,-19.750336904260973,0.3434826073330698,18.554369,19.137957,17.777588,1.3603687
210.2301119316125,0.34084609947699956,14.441974880954536,0.22608694191293174,2.9508823196624974,0.3942270064113292,-47.762436537536715,0.5620212890439215,14.132458349592799,0.40638012100960297,18.91887,20.45412,17.655582,2.7985382
210.01729258593957,0.05630852592883088,14.45611740737899,0.04715977949366405,0.5956172038248843,0.06505244346860904,-19.042465745492553,0.12108774993967718,-19.46074704367809,0.10166088220725455,15.863721,16.199709,15.362633,0.8370762
210.09565374691934,0.1463226924208842,14.512511980967894,0.09544150182085584,0.5384869712444845,0.15082073278939068,-13.447468104027804,0.32725145486286583,0.9941108276416221,0.18900179665958686,17.838778,18.37798,17.17743,1.2005501
210.20471045247152,0.3632094164686688,14.563341675227822,0.24619618362223522,1.314528370021394,0.40810394705605146,-27.38923363770126,0.7151858554099297,-14.937992307769886,0.4663765350375938,19.285004,20.057693,18.209805,1.847889
210.03704442963365,0.4149385926532309,14.57336092385557,0.3121572369053827,-0.02908246422451195,0.4787774792655018,-0.060651993554366734,0.9401428317700848,-1.062642768752551,0.6938320534953509,19.53373,19.513401,19.193815,0.3195858
209.9847897946808,0.1360590602123899,14.505679227381664,0.11021853991199503,3.018771779422724,0.158877744911555,-24.09941509208724,0.3019779327829274,-22.914328765388813,0.23621487864240506,17.723457,18.914608,16.584896,2.329712
210.19644707774268,0.06584941488355216,14.470708774372712,0.04433366820273924,2.0374031313656378,0.07289799300768297,-26.774985297770627,0.12220218447654588,-3.6938098699683866,0.08311749380843828,16.241392,17.106316,15.312063,1.7942524
210.0989039106974,0.16892036060346144,14.512789916698363,0.11937917588408672,2.1925804371312734,0.1770910481914623,-4.584584214394761,0.4740946527486857,-22.966885292083795,0.27202956192177274,17.117382,18.083216,16.061527,2.0216885
209.9665448908866,0.09216075783001686,14.487342507163786,0.07545098174951431,0.8553777072918343,0.10468580323094964,-4.700133687309217,0.2075287055729095,-10.293970917191647,0.16258405302896978,17.064707,17.506977,16.453533,1.0534439
210.0115318602042,0.6294509397126179,14.337344296961724,0.6932434439875486,1.1694229353833179,0.7256363160258004,4.4067794153305355,0.82347209441012,-10.66527059955687,1.1275639767118413,18.685383,,,
210.15505125067685,0.05383516443912231,14.433913149759082,0.03669841533769091,0.31939353638016615,0.05777857094928299,-3.953554903894915,0.1007759357464065,-4.127842247296969,0.07058405338283887,15.924761,16.264795,15.4212675,0.8435278
209.9833093415618,0.5299852974227791,14.581934778167938,0.3929941559131076,-0.2204865994946761,0.5874600498117665,1.0672804534016946,1.387764869537158,-1.581990114355173,0.908535951747374,19.63402,19.603323,19.102076,0.5012474
209.98055519522444,0.5226248797269858,14.581343389102544,0.3608523082243714,0.10775461822520192,0.5973040513119166,-0.18054842816700517,1.0661166871012904,-1.4834455593167089,0.6932198640150895,19.15709,19.34405,18.439556,0.90449333
210.13239140702933,0.29407628191080615,14.337621306983158,0.20631627537842645,-0.18684400627215014,0.32417071786066454,-8.992113610559292,0.5201688095536934,-7.507120097407589,0.4186295564522799,18.742266,19.05047,18.13341,0.91706085
210.0641702750366,0.4255035154096232,14.576688530715975,0.2989678953759646,0.48682623508011896,0.4746729894409236,-6.738988159431871,0.978812226048716,-4.845035784093755,0.6386777974793081,19.62464,20.052673,18.749643,1.30303
209.98325613963226,0.34818363476350955,14.573807090843296,0.29478267501211686,-0.52684440935103,0.41736140950725104,-0.8456537896731031,0.7845633754522638,-1.8273769875213577,0.5894762391624475,19.10568,19.317297,18.481504,0.83579254
210.22012936950324,0.16506267158764143,14.466353892761033,0.10379476842372137,1.1535354720421396,0.18268196548774085,-27.881502775113173,0.28149188118401247,5.573678447876766,0.18575655099718524,17.825233,18.80859,16.799316,2.0092735
209.91732360229693,0.07066820783518175,14.407864030165475,0.06225747137043957,1.284002850788833,0.08702752971558017,-27.78389709903074,0.14996603208328652,20.469133750042907,0.11646751784285075,16.426174,17.100159,15.627129,1.4730301
210.13110522012207,0.36625250802388293,14.408725101966992,0.2489924219201334,-0.4055159552868372,0.40877379917375856,-3.7934842404421403,0.6655878974279412,-5.32535852155906,0.4657761769916512,19.297756,19.604221,18.811756,0.7924652
210.16286942056587,0.20279340871319784,14.5582447160817,0.14129472754449282,0.3785157463465657,0.22037959394654996,-4.231289933451665,0.41828700866040597,-5.499490964327443,0.2639208820838975,18.280666,18.722881,17.687277,1.0356045
209.87947634361137,0.16456329057738842,14.656639995692878,0.12194416525500208,0.12829785608740385,0.19031851101204442,-0.5968879997406431,0.31192009499215584,-3.0250798387963544,0.23035634218677606,17.91961,18.286907,17.28805,0.9988575
209.94143332592722,0.4778128908984033,14.527960252459025,0.518407709277966,0.5197973143902581,0.5878887762854459,-0.2509415482483521,1.1264065043435103,-2.5329461782974367,1.2181270959762371,19.537956,19.612923,19.089756,0.52316666
210.12981633708137,0.5301748454917715,14.571034682360294,0.366292923261088,-0.12009704461073885,0.5802687649032177,-0.7913517873221398,1.1434318625316429,0.2635911832244735,0.7614178620641994,19.923664,20.185171,19.278666,0.9065056
210.05416326815956,0.24560415741185931,14.366893651884613,0.23938893140140183,1.3165896893713518,0.33515204909886015,-9.426598009455859,0.44893139652665726,1.932737285613162,0.4144987159454364,18.581493,19.653608,17.555084,2.098524
210.16061150163907,0.05248662275368843,14.597674565765027,0.04334964172541801,0.44384878675988165,0.06147028235885088,-24.699837235800743,0.1152446793261362,-19.09629802610701,0.08751401791594973,15.977483,16.314621,15.452004,0.86261654
210.15579210655676,0.07365465751654264,14.482784028310343,0.05106005644267277,0.04325576242153872,0.08331530306192485,-0.5888099125375754,0.1366272333996555,-1.097460263907239,0.09308163336689727,16.37994,17.068897,15.579376,1.489521
209.93822888639298,0.4778387102434963,14.518007571286606,0.3885618708161313,2.0357753182782465,0.5754354712130677,-7.571699179814605,1.0634633253064916,-7.513305991083601,0.8136493603583821,19.640823,20.028254,18.81957,1.208683
210.0171537072491,0.4284290591565819,14.460197578690082,0.346160815961494,0.7793278773691966,0.5220438966064875,-1.6752823221878135,0.8706169767587044,-2.0789001802215488,0.6921443619321945,19.45944,19.773249,18.974936,0.79831314
210.10719282571728,0.643785290538501,14.344079193896928,0.5108224833181696,-1.1587145170695212,0.8105573522380181,-20.903220551531398,1.1055058126749984,-12.738661164838074,0.9980947433100051,19.814308,20.689894,18.681356,2.0085373
210.02162696768613,0.543272819987545,14.44077356243031,0.5846562767376455,0.3575814950230079,0.6101997952492112,0.6640035189121434,1.1862580682582118,-0.2728267054618794,1.3495834523651364,19.686798,19.631882,19.57054,0.06134224
209.95013065843506,0.2661248904422609,14.521174820255561,0.21667900611652519,0.6123087669501828,0.3139372630502006,-5.6419545243041895,0.5922185859427396,-7.081561263449845,0.4590746547989647,18.801718,19.765955,17.773243,1.992712
209.86945771629706,0.5920333783290718,14.567101049866668,0.4523398661576027,0.6715968481906629,0.6832621801597631,-8.616424079100529,1.3033586116246392,-3.5544747626901168,0.7897759323087026,19.826435,20.950245,18.73787,2.2123756
210.1960889137736,0.21469251225307454,14.461338017044675,0.13457626726122543,1.3967054967498473,0.22907876010359568,-1.8495863146475382,0.3955803136462866,-12.343356029169705,0.24486083086092392,18.170837,19.30683,17.123013,2.183817
209.827786618863,0.148758513680937,14.575695894667941,0.1085596596257058,1.0058613080633365,0.18563151105737916,-6.601619857558634,0.25586715495307405,1.8201550936737385,0.18812984962687587,17.655256,18.401,16.787626,1.6133728
210.10728028926846,0.1523787230826831,14.533671134047552,0.10721679922983049,0.6153848507346478,0.16736453883323277,3.896192746807101,0.32069682527309473,-5.2021467917254025,0.21212171775384453,18.09336,18.696028,17.302313,1.3937149
209.89437823239498,0.5226604523124608,14.53361271886647,0.3983080888412923,-0.48611896269808147,0.6107082185758729,-0.1587761200421443,1.1082344336418273,-1.815219153156908,0.7305243946586136,19.708124,19.623611,19.564854,0.058757782
209.9604488851003,0.3299696326265885,14.656547137680013,0.27451724204703587,0.6386742603682584,0.4061821421162437,-3.110131317260597,0.6716979234080069,-7.507958773132892,0.5561959445109017,19.239035,19.680914,18.444647,1.2362671
209.94820027541346,0.06828229603029605,14.392947492062566,0.05498142140570892,1.1942718587227044,0.08049743164650637,-3.9942351373891416,0.1454596064224903,3.851008178613377,0.10905349986010689,16.615288,17.29203,15.81554,1.47649
210.01115225875336,0.05298957562960524,14.337132092223962,0.043689615956630574,0.8501656977103484,0.0638707994283751,1.2619819558581147,0.09507842426050327,-7.9631349721298585,0.08933163574281917,15.937397,16.442026,15.242311,1.1997156
209.88763306872764,0.05479119558568884,14.603400055335547,0.04455280705232042,5.149825246026785,0.06318146723014383,-65.71794733437585,0.11223476904479755,-6.877060283189708,0.08919349927484096,15.764691,17.036846,14.565121,2.4717255
209.8572617909482,0.4026643385984731,14.395888072261883,0.342136684870042,0.7297304154042105,0.5125318060438033,-0.49753951225583093,0.8935796444800479,-1.3544447857421213,0.6697326062653198,19.543224,19.712227,19.066637,0.6455898
210.01330888338802,0.04712271025438964,14.347470851187818,0.0362678675997361,5.13999973941154,0.052549151899485086,-45.51717301951631,0.08994684637686741,-35.195321091805866,0.07576368767935611,15.009767,16.14192,13.957948,2.1839724
209.95086141926046,0.2036990553143571,14.531959777420342,0.1696678635128885,0.08994728149493124,0.2417121254092656,-2.4569494696580723,0.43840320728757354,-6.083982157032709,0.3351828129374034,18.226038,18.39584,17.812002,0.5838375
210.19604164948942,0.1466850187405389,14.423219292791439,0.10078590730258624,2.6649142035745674,0.1664114283786467,42.96568023309238,0.25057144603544773,-38.56040574228617,0.1877142961458136,17.924015,19.28298,16.732866,2.5501137
210.2447229785776,0.15490700394853127,14.484749097018117,0.09891713044709095,0.7211453046528967,0.1681004888229486,-7.2348198416633105,0.276376755350021,3.1314008976913295,0.17907193679987887,17.755495,18.714725,16.770542,1.9441833
209.86817640953348,0.11726177312850956,14.38746198913912,0.1023870857606932,0.04832021559434328,0.15135648209618507,-3.349928514674522,0.25221431883477424,-2.366148728306236,0.19116039084071446,17.65852,17.870003,17.26784,0.6021633
210.03055315475868,0.1916241055180562,14.350087038774971,0.15826851540329254,0.3165754630164447,0.23690117868562988,-14.580250570598814,0.3398779659558311,-1.9830910954585184,0.3079222769311346,18.27191,18.563171,17.823275,0.7398968
209.8494497045326,0.0547428998186571,14.418927668613287,0.04749949631437087,0.8355488330687785,0.06879074614232979,-13.560246217968466,0.12483875034894591,-21.64526545137896,0.09954227154929755,16.176037,16.541029,15.643614,0.89741516
209.89998403436323,0.16807961957996095,14.568633000738664,0.13308385281191482,0.15255793687504987,0.2013986044076827,-3.280377420974933,0.3628330918470642,-3.9202411629301452,0.2516050798408202,18.124392,18.335596,17.641905,0.69369125
209.95026373082842,0.3680733802728929,14.566171667517834,0.28811464974115114,-0.2351038202608509,0.42163289262438197,-11.43987261351971,0.8445134262256478,-0.7777672636672172,0.6195483250657196,19.224827,19.357094,18.746685,0.6104088
210.02353978084423,0.40198857560668827,14.45129711190941,0.33370270773255256,-0.4212837376640375,0.49661138639729197,-0.2662587076894527,0.8145559058675379,-1.2693716193786262,0.6711588395659787,19.405933,19.496693,19.056446,0.44024658
210.12941951839707,0.3880021723283406,14.596097316090676,0.27052369452956526,2.1921462936674847,0.4218091013050081,-34.27458161903232,0.8645154309917529,-1.2132864777322652,0.5584545429252002,19.255026,20.591272,17.982502,2.6087704
210.04716954879964,0.15402262643318781,14.292530896735828,0.11368905403416514,0.24616709432374934,0.1735292551335623,-6.318787423766285,0.29274135941975143,-6.631397062723908,0.2193593800147018,17.715199,18.061918,17.242975,0.818943
209.95405332869848,0.3410572568961688,14.389574280272948,0.28420451183910045,0.6058089687631814,0.43018266927239923,-3.803926611636668,0.7008325610322171,-4.519042627468501,0.5443283196866359,19.239815,19.549732,18.74155,0.80818176
210.024474051611,0.14969905436877315,14.305068005826097,0.12722778899476106,0.1163744728671811,0.2042478812550248,-3.3109965462319897,0.2539778917378064,-3.5381779868367627,0.2357990989826503,17.672676,18.014706,17.171644,0.84306145
210.07443417907655,0.13667837518029252,14.364669231056869,0.10769615914832166,1.3595378974427472,0.16921239906290175,-18.321724723847222,0.22998604589220534,-14.733091405587857,0.207516208941123,17.639763,18.50997,16.666723,1.8432465
210.01417962149392,0.4117471851795411,14.394869423734772,0.31680230161231093,2.0555714916438976,0.45738401933927453,-10.854990190213996,0.8606290354634377,-15.468742394586098,0.6256325203640832,18.909174,20.184412,17.700901,2.483511
209.96560128856925,0.4065062419988178,14.384280748284809,0.31782606881740894,1.031823254360411,0.4874020944015598,-12.093078017058083,0.8970340383876579,-17.52172563170672,0.6323823111501724,19.341537,20.557182,18.126661,2.430521
210.05256927465916,0.229669272078316,14.360153095388336,0.1793434546821803,3.622313992071621,0.28664003724461684,-46.417128766978074,0.38501691846086517,-22.880998025937966,0.3372551944908936,18.278034,19.90491,17.066603,2.8383064
210.08812861743877,0.4279381079012927,14.344388790807178,0.31935642086221394,1.2018995788980196,0.5377585117251944,-26.38896750673131,0.6736454793738781,-0.853794180541219,0.5964245759730774,19.234392,19.912708,18.439323,1.4733849
210.08243079591588,0.16555686562399552,14.451266231259382,0.12414055511036101,2.2302127882762366,0.18648410210112457,17.35164637253347,0.33460575153313343,-2.9061220073382854,0.24182572759082124,17.797157,19.088608,16.66507,2.4235382
209.96710805856037,0.1975711746096103,14.621783639268212,0.16388858971323295,0.9060580187037431,0.24096725991057633,0.8767628217985011,0.3876422032201505,-26.700698541577307,0.3223277016195574,18.503984,19.455503,17.40611,2.0493927
209.94272941521243,0.43896153434097396,14.569246031982834,0.3581347810083505,0.4452379472026899,0.5089834305987431,-2.1123845728766444,1.0429591026218636,-1.2473764355382368,0.7266887520186478,19.437876,19.491203,18.82899,0.6622124
209.89251714693006,0.20869269015648947,14.574560235311116,0.14970248922924084,1.3082674284465465,0.2292504399257468,-35.28058112356507,0.4947636357195725,-5.824795099435244,0.3083608294325768,18.259144,19.247252,17.20515,2.042101
210.1090234110525,0.2119772804682089,14.458183706611997,0.14688550681946144,0.48657340729693394,0.22516732408905016,-11.747464532530648,0.4468142962215435,-4.4916648067873295,0.28273937668390625,18.515665,18.962786,17.878338,1.0844479
210.07139432621423,0.4354755409454457,14.563485632655947,0.3023679939931994,0.08404856034076441,0.48529327460757454,0.3238653104453044,0.983655735187557,-1.8894711627979577,0.6383307099040142,19.608414,19.770468,19.072887,0.69758034
209.95267930406422,0.4991604669712724,14.675888924940521,0.3703545671724423,0.5130819606146056,0.6121335489701726,-3.857053041918282,0.9207960572640943,-8.349733096585211,0.7127039092780715,19.554989,19.72448,18.984106,0.7403736
209.95334654170912,0.09492790831253448,14.328579105547497,0.07496594602798451,-0.1659958965182097,0.11614892354230405,-0.21823402019070376,0.17208910655915333,-1.0541006567943954,0.13532578609879597,17.129555,17.690535,16.415997,1.274538
209.8965637997401,0.34653428783132817,14.579507690824785,0.27788130366655817,-0.7602356882894277,0.41155663265995757,0.7881594032783933,0.7997781723028746,0.04136200251048084,0.5609665718239116,19.075935,19.041533,18.669386,0.3721466
209.96415793808768,0.2572412901913641,14.603846048973498,0.21718382591114166,-0.5371821165186632,0.31826526136993705,-0.4351860714857549,0.5230045301378871,-1.6969404983993126,0.4470264042584623,18.82746,19.10304,18.146433,0.9566078
209.86582293802707,0.6516251931865578,14.552034801975614,0.4623752700314251,0.3495957469861476,0.7193864649096027,-1.1362675097162058,1.514747070994141,-0.6085209766070904,0.8531037732476702,19.781162,19.607166,19.460075,0.14709091
210.1373990205458,0.31828803555632434,14.667593687974339,0.19566237359213354,0.28620118721893234,0.3577393433644622,-12.444477831833854,0.5352622930236548,-3.721599089789258,0.3767165613011863,18.884293,19.082203,18.363832,0.71837044
210.188146406007,0.40873778136395633,14.405704000610026,0.27956277942904584,-0.45725366974954657,0.4784460571864991,-5.923618445119208,0.7015345889696609,-0.0837628055016819,0.5102064074720686,19.377417,19.978966,18.6706,1.3083649
209.84872093146797,0.3690234961005678,14.624708297758609,0.2763148658994983,0.18887337578331237,0.45706131649175946,-0.9674036525224062,0.6511184601727421,-0.13610792453543946,0.48493425171994975,19.2016,19.671055,18.463985,1.2070694
210.16105834573466,0.30343597825429086,14.440724652842155,0.17493523289111068,0.2133243138398897,0.3085922237463628,-9.663558103992468,0.46225099838190514,-4.529305167733435,0.3028461723288385,18.595932,18.869371,18.168764,0.7006073
209.91886864033955,0.4733534534303913,14.369050980866348,0.3946034726197376,1.283297748501558,0.5931633039436877,9.170597815469419,0.9807015263863781,1.74642719430568,0.7337771415317869,19.570713,20.829895,18.196356,2.6335392
210.06059591560575,0.9496715544968629,14.335752068139731,0.7839108234631867,,,,,,,16.69327,17.29572,15.680043,1.6156759
209.96818177427446,0.2242377774875764,14.336645348487416,0.18194200578421887,-0.5042842163503036,0.27857735436577813,-4.792038422702975,0.4130841723377473,-5.914694183783148,0.3318329344466607,18.558865,18.786785,18.081837,0.7049484
210.0323431026507,0.284116703024508,14.367568686469864,0.2294474508545292,1.5810019878255954,0.34718577004292256,-14.25412379143406,0.5079504103356106,-17.93421938921734,0.4365751480432715,18.893278,20.074,17.735249,2.3387508
210.04118040498085,0.44626313895028347,14.51446743835255,0.32514199162303326,0.6199316067649255,0.49472484738198497,5.10401473075115,1.0203674860488197,-0.78429312519583,0.7179480479215686,19.613176,20.353294,18.637207,1.7160873
209.95190117939714,0.16625905045544126,14.372604743524452,0.12777321820381468,1.05313218889133,0.1885814294171207,-12.815350778705817,0.357622331896311,-19.94563172331971,0.24466079442548097,17.848337,18.822721,16.80834,2.0143814
210.17404914009197,0.07338797489268596,14.465987484438612,0.05184967320146463,3.2084376791447626,0.08287203425658426,17.680789495361555,0.1425651267440693,-24.90339841614014,0.09805084003551486,16.29595,17.36007,15.268482,2.091587
210.01533179911078,0.49508009243907175,14.404708950514792,0.40281583044274527,-0.3147316794444328,0.5907985316916082,0.42195061675555723,1.1227079659164572,0.12154767623461069,0.8722817418243555,19.516396,19.709515,19.044975,0.66453934
209.98515547508492,3.486325289049814,14.349243675236744,1.475569329349319,,,,,,,19.02149,19.081512,18.183989,0.8975239
210.23113461065233,0.08117462621182386,14.476834220921742,0.05299262000649813,5.3884217460486825,0.09158068805465991,-82.74769164885464,0.1389156838044443,1.4584068709150606,0.09385855437350574,15.5949,16.69282,14.548725,2.1440945
210.00223848259023,0.3663550588065318,14.615858542786285,0.28306788824145435,0.1775230603652782,0.4181775768826647,-5.021037985852788,0.7723515706813986,-0.17708815625147548,0.6139462522077258,19.279488,19.724192,18.440872,1.2833195
209.82656880960224,0.44380419620927775,14.415365141192762,0.38160322450711054,-0.31387308973569045,0.5717505009018407,-15.642916272799296,0.9883745658502888,-1.9264081843847052,0.7053755782408397,19.51495,20.175987,18.5359,1.6400871
210.10763147290365,0.14316519199437786,14.435445635256865,0.09881606429218272,0.17001928314125048,0.15030027087994763,-0.5570010251046564,0.28141389154477586,-0.8023473488135866,0.20198406316493248,17.701439,18.207027,17.02057,1.1864567
210.06010674453603,0.37600294059353045,14.372914409964986,0.23890007916938724,-0.42091864041768856,0.4857639522572039,-0.7902280884920507,0.45947646288732447,-7.886808497299422,0.4240580475648548,18.70123,18.993502,18.244484,0.7490177
209.95223674856013,0.5586345869267756,14.70123793755204,0.3900272388024053,0.5718543329255675,0.6453737875629435,-0.18045864080814605,0.9810036412005623,-2.720739006220212,0.7691495012143789,19.862726,20.131424,19.19607,0.93535423
210.03732438299,0.6069095419262724,14.557388107305593,0.48862905374305426,1.4884077318881015,0.6796188743962849,-27.264467659777914,1.4223655097809869,-1.9993672451687945,1.1872420182269567,19.999304,20.533073,18.858198,1.6748753
210.15193859973982,0.05455666921357883,14.67251195835882,0.04244284360491483,1.0664616229327315,0.06510597983443372,-20.236053046483743,0.10945888111266451,-2.6728428267260806,0.08224082955597585,15.932007,16.388336,15.315189,1.0731468
209.87324497141336,0.34368012784435137,14.595203030342791,0.276805725337153,0.8260100492777361,0.41979167534056816,-4.29206450631482,0.6809583984984426,-15.128244805016383,0.4935221288885143,19.229004,20.232122,18.10136,2.130762
210.1521523214534,0.09750233792562403,14.657587690292859,0.06990642449955271,-0.046891782393485786,0.11189014995952058,-0.6749980646474512,0.22238186742674992,-0.9785374888610969,0.14191234083406348,17.112463,17.697874,16.37356,1.3243141
210.06374479243874,0.6725904166262747,14.300228696166423,0.5016962906375618,0.6530233112636047,0.8572313533638393,-16.180550667473522,1.0446536360870478,-8.462082278669584,0.9399609638449016,19.775953,20.948782,18.53719,2.4115925
210.0427056193699,0.531998114224742,14.433409780403888,0.4344567703512518,-0.6089959908951804,0.6311254743434545,-12.231107905595042,1.0998702319603966,-9.427814704591086,0.8368879857513281,19.456392,19.744118,18.985615,0.75850296
210.17210607411639,0.15257953588092055,14.593158448402747,0.10874659178179921,-0.012639223750601824,0.16997857666234295,-9.551352273678873,0.3169252951967371,-6.037613520468775,0.2036160935155963,17.841726,18.008627,17.407743,0.6008835
